﻿{"cameraMode":{"drawMode":0,"name":"Shaded","section":"Shading Mode"},"sceneLighting":true,"audioPlay":false,"sceneViewState":{"showFog":true,"showMaterialUpdate":false,"showSkybox":true,"showFlares":true,"showImageEffects":true,"showParticleSystems":true},"in2DMode":false,"pivot":{"x":-0.37579345703125,"y":5.849999904632568,"z":-0.38999998569488528},"rotation":{"x":-0.42296019196510317,"y":-0.5688494443893433,"z":0.43099263310432436,"w":-0.5584149360656738},"size":12.456594467163086,"orthographic":false}